system,variables,controls,nobs,country_n,year_min,year_max,reduced_form_ranks,sigma_diag,chol_diag
components_GI_GC_Y_i,dlog_gi|dlog_gc|dlog_y|i_rate,dlog_gi_lag1|dlog_gc_lag1|dlog_y_lag1|i_rate_lag1,583,27,2004,2025,"{""dlog_gc"": 4, ""dlog_gi"": 4, ""dlog_y"": 4, ""i_rate"": 4}","[0.019034968179966277, 0.00043508327938830135, 0.0004932851298846485, 8.706837311731467e-05]","[0.13796727213714952, 0.020532076178351573, 0.020579495055500413, 0.009216186004134146]"
aggregate_G_Y_i,dlog_g|dlog_y|i_rate,dlog_g_lag1|dlog_y_lag1|i_rate_lag1,583,27,2004,2025,"{""dlog_g"": 3, ""dlog_y"": 3, ""i_rate"": 3}","[0.0011178238244597643, 0.0004967740813567541, 8.729828269987461e-05]","[0.033433872426923035, 0.02071930096205055, 0.009237002041577467]"
